tipologia;complexidade;peso_total_kg;numero_pecas;material_principal;tratamento_superficie;processo_corte;lead_time;peso_por_peca_kg;lead_time_por_tonelada;custo_total_materiais;custo_total_operacoes;custo_total_servicos;real_materiais;real_operacoes;real_servicos
passadico;baixa;31532.36;344;S275JR;jateamento_pintura;serra;21;91.66383720930233;0.6659825017854674;45571.23;6434.11;13957.27;51201.87;7139.65;14216.21
passadico;baixa;31532.36;344;S275JR;jateamento_pintura;serra;21;91.66383720930233;0.6659825017854674;41432.7;6213.45;13660.24;45634.5;6343.74;14979.08
passadico;baixa;31532.36;344;S275JR;jateamento_pintura;serra;21;91.66383720930233;0.6659825017854674;41764.21;7098.71;14546.07;41428.99;7192.27;15783.78
cobertura;baixa;6783.22;318;S275JR;jateamento_pintura;laser;22;21.330880503144655;3.2432974310135894;10766.54;1620.88;2921.45;11312.48;1796.36;3089.31
cobertura;baixa;6783.22;318;S275JR;jateamento_pintura;laser;22;21.330880503144655;3.2432974310135894;10595.03;1454.7;2883.36;11026.53;1675.5;3225.74
cobertura;baixa;6783.22;318;S275JR;jateamento_pintura;laser;22;21.330880503144655;3.2432974310135894;11361.09;1431.1;3078.39;12369.29;1487.92;3442.2
mezanino;media;19891.18;222;AISI304;pintura_pu;serra;23;89.59990990990991;1.1562913814062312;116479.26;5795.27;11191.25;129303.3;5969.67;11391.57
mezanino;media;19891.18;222;AISI304;pintura_pu;serra;23;89.59990990990991;1.1562913814062312;114988.86;5126.49;10464.21;120940.84;5032.93;11949.26
mezanino;media;19891.18;222;AISI304;pintura_pu;serra;23;89.59990990990991;1.1562913814062312;102379.72;5083.88;10200.66;106476.63;5769.31;12801.31
plataforma;alta;16560.23;47;S275JR;galvanizacao;laser;24;352.3453191489362;1.449255233773927;26899.89;6282.81;14384.04;29062.77;6108.35;15020.64
plataforma;alta;16560.23;47;S275JR;galvanizacao;laser;24;352.3453191489362;1.449255233773927;25934.42;5937.59;14378.25;28283.35;6495.84;15345.85
plataforma;alta;16560.23;47;S275JR;galvanizacao;laser;24;352.3453191489362;1.449255233773927;25852.57;6143.61;13074.64;30294.8;7145.97;14333.54
escadaria;baixa;9357.56;324;S355JR;jateamento_pintura;serra;25;28.88135802469136;2.671636623222293;13795.83;1956.79;3651.66;14804.31;2051.29;4412.4
escadaria;baixa;9357.56;324;S355JR;jateamento_pintura;serra;25;28.88135802469136;2.671636623222293;14532.3;1854.11;4225.0;14931.35;2081.88;5081.52
escadaria;baixa;9357.56;324;S355JR;jateamento_pintura;serra;25;28.88135802469136;2.671636623222293;15216.78;1871.69;4052.24;15797.33;2028.11;4384.54
pavilhao;media;2462.53;324;AISI304;pintura_pu;laser;26;7.600401234567901;10.558247006127845;13368.73;824.34;1279.63;13351.89;838.3;1418.52
pavilhao;media;2462.53;324;AISI304;pintura_pu;laser;26;7.600401234567901;10.558247006127845;15150.99;762.31;1320.0;16327.55;831.3;1425.17
pavilhao;media;2462.53;324;AISI304;pintura_pu;laser;26;7.600401234567901;10.558247006127845;14959.6;836.76;1323.55;16647.38;856.78;1520.13
passadico;baixa;1790.32;194;S275JR;jateamento_pintura;serra;27;9.228453608247422;15.081102819607668;2624.13;319.55;791.77;2738.57;336.09;822.01
passadico;baixa;1790.32;194;S275JR;jateamento_pintura;serra;27;9.228453608247422;15.081102819607668;2450.34;327.35;760.07;2483.43;384.1;813.89
passadico;baixa;1790.32;194;S275JR;jateamento_pintura;serra;27;9.228453608247422;15.081102819607668;2609.63;319.92;734.95;2876.49;358.67;897.41
cobertura;alta;10993.89;362;S275JR;galvanizacao;laser;28;30.36986187845304;2.5468692155369936;17180.21;4571.87;8633.73;19177.24;4877.68;8490.42
cobertura;alta;10993.89;362;S275JR;galvanizacao;laser;28;30.36986187845304;2.5468692155369936;17395.38;5378.04;9286.8;17942.08;5718.51;11501.82
cobertura;alta;10993.89;362;S275JR;galvanizacao;laser;28;30.36986187845304;2.5468692155369936;17109.27;5118.15;9737.04;18557.09;5075.58;12293.13
mezanino;media;25533.11;410;AISI304;pintura_pu;serra;29;62.27587804878049;1.1357801693565728;140795.37;8430.6;13428.95;160189.85;9370.24;14385.48
mezanino;media;25533.11;410;AISI304;pintura_pu;serra;29;62.27587804878049;1.1357801693565728;138863.05;8351.53;15049.12;155028.43;9452.34;15089.89
mezanino;media;25533.11;410;AISI304;pintura_pu;serra;29;62.27587804878049;1.1357801693565728;135263.65;7959.22;12869.16;153880.81;8917.56;15164.35
plataforma;baixa;26951.53;228;S355JR;jateamento_pintura;laser;30;118.2084649122807;1.113109348523071;51838.4;5680.4;11832.78;57955.06;5943.25;13501.85
plataforma;baixa;26951.53;228;S355JR;jateamento_pintura;laser;30;118.2084649122807;1.113109348523071;52544.96;5841.39;11308.28;57205.59;6235.14;12083.71
plataforma;baixa;26951.53;228;S355JR;jateamento_pintura;laser;30;118.2084649122807;1.113109348523071;47078.06;5567.66;10464.08;52083.84;6486.75;10646.72
escadaria;baixa;2082.41;268;S275JR;jateamento_pintura;serra;31;7.770186567164179;14.88659774011842;2765.4;454.22;911.36;3074.41;494.43;967.11
escadaria;baixa;2082.41;268;S275JR;jateamento_pintura;serra;31;7.770186567164179;14.88659774011842;2751.45;399.79;940.38;3155.38;443.67;1196.89
escadaria;baixa;2082.41;268;S275JR;jateamento_pintura;serra;31;7.770186567164179;14.88659774011842;2708.24;430.02;919.79;2940.61;453.64;1082.5
pavilhao;alta;3136.07;74;AISI304;galvanizacao;laser;32;42.37932432432432;10.203853868057791;19148.13;1075.58;2500.69;20659.08;1251.67;2845.36
pavilhao;alta;3136.07;74;AISI304;galvanizacao;laser;32;42.37932432432432;10.203853868057791;17436.35;1192.69;2603.94;19678.41;1242.23;2781.41
pavilhao;alta;3136.07;74;AISI304;galvanizacao;laser;32;42.37932432432432;10.203853868057791;17722.37;1066.58;2706.41;19066.61;1123.89;2904.15
passadico;baixa;34536.04;220;S275JR;jateamento_pintura;serra;33;156.982;0.9555235632110688;46147.72;6805.11;14145.93;51422.07;7277.74;16338.0
passadico;baixa;34536.04;220;S275JR;jateamento_pintura;serra;33;156.982;0.9555235632110688;45680.48;6817.53;13687.87;47283.87;7352.92;17802.53
passadico;baixa;34536.04;220;S275JR;jateamento_pintura;serra;33;156.982;0.9555235632110688;50015.92;6230.81;14079.29;53385.38;6260.47;16266.83
cobertura;baixa;12888.15;381;S275JR;jateamento_pintura;laser;34;33.82716535433071;2.638082269371477;19934.15;3323.63;5016.27;22099.59;3617.64;5116.06
cobertura;baixa;12888.15;381;S275JR;jateamento_pintura;laser;34;33.82716535433071;2.638082269371477;22224.14;2992.18;4885.97;22741.72;3345.87;4735.02
cobertura;baixa;12888.15;381;S275JR;jateamento_pintura;laser;34;33.82716535433071;2.638082269371477;20306.49;3346.78;5697.1;22578.05;3689.03;7009.3
mezanino;media;2491.79;371;S355JR;pintura_pu;serra;35;6.716415094339623;14.046127482653032;4200.3;726.54;1312.54;4683.23;775.88;1552.6
mezanino;media;2491.79;371;S355JR;pintura_pu;serra;35;6.716415094339623;14.046127482653032;4488.72;778.42;1251.37;4708.77;805.11;1346.13
mezanino;media;2491.79;371;S355JR;pintura_pu;serra;35;6.716415094339623;14.046127482653032;4096.5;791.52;1294.72;4343.87;904.32;1296.8
plataforma;alta;31070.37;28;S275JR;galvanizacao;laser;36;1109.6560714285715;1.1586601640083463;48782.07;11507.28;24582.45;53283.99;12384.95;25375.23
plataforma;alta;31070.37;28;S275JR;galvanizacao;laser;36;1109.6560714285715;1.1586601640083463;47255.59;10212.26;28787.45;48500.67;10382.73;29945.67
plataforma;alta;31070.37;28;S275JR;galvanizacao;laser;36;1109.6560714285715;1.1586601640083463;51019.29;10458.34;28800.35;56715.07;11492.32;32418.72
escadaria;baixa;4022.72;260;S275JR;jateamento_pintura;serra;37;15.472;9.197756741707103;5296.6;756.25;1626.51;5653.57;767.95;1895.4
escadaria;baixa;4022.72;260;S275JR;jateamento_pintura;serra;37;15.472;9.197756741707103;5136.08;796.97;1654.8;5403.62;866.71;2068.61
escadaria;baixa;4022.72;260;S275JR;jateamento_pintura;serra;37;15.472;9.197756741707103;5515.62;875.72;1593.39;5892.84;976.83;1783.92
pavilhao;media;25285.97;43;AISI304;pintura_pu;laser;38;588.0458139534884;1.5028096608514523;137416.59;6766.4;13325.59;152698.7;7180.22;15697.88
pavilhao;media;25285.97;43;AISI304;pintura_pu;laser;38;588.0458139534884;1.5028096608514523;146587.65;7014.27;13633.65;174192.34;7036.81;15065.84
pavilhao;media;25285.97;43;AISI304;pintura_pu;laser;38;588.0458139534884;1.5028096608514523;153302.17;7311.1;13118.27;168793.13;7626.49;14706.54
passadico;baixa;19877.99;54;S275JR;jateamento_pintura;serra;39;368.1109259259259;1.9619689918346874;27342.2;3229.68;8347.25;28889.04;3433.53;9384.4
passadico;baixa;19877.99;54;S275JR;jateamento_pintura;serra;39;368.1109259259259;1.9619689918346874;26413.69;3285.86;8159.27;27172.45;3607.32;10160.52
passadico;baixa;19877.99;54;S275JR;jateamento_pintura;serra;39;368.1109259259259;1.9619689918346874;29263.63;3190.58;8482.79;31871.41;3592.6;10834.11
cobertura;alta;34124.53;97;S355JR;galvanizacao;laser;40;351.79927835051546;1.1721773164348344;62451.61;13877.34;31891.27;70594.98;14931.8;36264.09
cobertura;alta;34124.53;97;S355JR;galvanizacao;laser;40;351.79927835051546;1.1721773164348344;69081.04;13133.27;30041.68;73947.32;14609.76;32092.62
cobertura;alta;34124.53;97;S355JR;galvanizacao;laser;40;351.79927835051546;1.1721773164348344;61708.76;12492.58;29047.69;67825.14;14560.32;33438.15
mezanino;media;8133.02;282;AISI304;pintura_pu;serra;41;28.84049645390071;5.041177815866677;44625.31;2456.93;4273.99;46664.95;2701.67;5535.83
mezanino;media;8133.02;282;AISI304;pintura_pu;serra;41;28.84049645390071;5.041177815866677;43931.95;2234.93;4291.93;48735.12;2480.67;4588.74
mezanino;media;8133.02;282;AISI304;pintura_pu;serra;41;28.84049645390071;5.041177815866677;47306.17;2550.22;4613.83;50613.93;2881.03;4877.15
plataforma;baixa;29056.5;228;S275JR;jateamento_pintura;laser;42;127.4407894736842;1.4454597078106448;44270.53;6747.72;12876.69;50958.27;7533.05;14194.99
plataforma;baixa;29056.5;228;S275JR;jateamento_pintura;laser;42;127.4407894736842;1.4454597078106448;47190.25;6739.35;12221.86;49129.7;6803.26;13793.81
plataforma;baixa;29056.5;228;S275JR;jateamento_pintura;laser;42;127.4407894736842;1.4454597078106448;43792.72;5878.3;12688.97;52286.9;6774.54;14635.14
escadaria;baixa;9593.47;280;S275JR;jateamento_pintura;serra;43;34.262392857142856;4.4822155070063285;13169.81;1834.35;3724.55;14570.84;2027.34;4219.11
escadaria;baixa;9593.47;280;S275JR;jateamento_pintura;serra;43;34.262392857142856;4.4822155070063285;13321.0;2056.18;4137.79;14154.58;2308.55;4379.56
escadaria;baixa;9593.47;280;S275JR;jateamento_pintura;serra;43;34.262392857142856;4.4822155070063285;13327.02;1906.16;3716.82;14238.96;2062.85;4440.06
pavilhao;alta;22126.01;285;AISI304;galvanizacao;laser;44;77.63512280701754;1.9886097854967977;130571.86;10393.26;20298.92;134029.89;11966.52;21332.1
pavilhao;alta;22126.01;285;AISI304;galvanizacao;laser;44;77.63512280701754;1.9886097854967977;136247.17;8792.35;17135.25;142569.45;9479.99;17218.57
pavilhao;alta;22126.01;285;AISI304;galvanizacao;laser;44;77.63512280701754;1.9886097854967977;124492.73;10316.81;17635.56;140504.85;11117.58;19252.04
passadico;baixa;16913.74;355;S355JR;jateamento_pintura;serra;45;47.64433802816902;2.660558811948156;26915.41;3316.3;6760.9;28363.85;3499.31;7224.47
passadico;baixa;16913.74;355;S355JR;jateamento_pintura;serra;45;47.64433802816902;2.660558811948156;29078.96;3267.9;7030.94;29968.63;3521.6;8224.17
passadico;baixa;16913.74;355;S355JR;jateamento_pintura;serra;45;47.64433802816902;2.660558811948156;26294.76;3880.26;7680.55;28074.06;4419.66;8433.98
cobertura;baixa;23333.13;395;S275JR;jateamento_pintura;laser;46;59.07121518987342;1.9714457511701173;37326.9;5423.18;9370.98;38724.3;5385.25;10807.24
cobertura;baixa;23333.13;395;S275JR;jateamento_pintura;laser;46;59.07121518987342;1.9714457511701173;38445.44;5108.29;9583.54;41078.81;4935.18;11955.49
cobertura;baixa;23333.13;395;S275JR;jateamento_pintura;laser;46;59.07121518987342;1.9714457511701173;37724.95;6004.01;9359.15;41629.7;6646.69;10962.78
mezanino;media;34452.18;41;AISI304;pintura_pu;serra;47;840.2970731707317;1.3642097539255862;183826.22;8330.27;19949.51;208077.49;9713.01;24107.61
mezanino;media;34452.18;41;AISI304;pintura_pu;serra;47;840.2970731707317;1.3642097539255862;199675.04;8811.39;20755.12;228979.13;9756.16;26967.83
mezanino;media;34452.18;41;AISI304;pintura_pu;serra;47;840.2970731707317;1.3642097539255862;196219.05;8187.92;18530.14;222569.61;8849.75;21399.8
plataforma;alta;31171.84;120;S275JR;galvanizacao;laser;48;259.76533333333333;1.5398513530160556;45050.28;11475.5;28361.27;48169.36;12852.86;32823.76
plataforma;alta;31171.84;120;S275JR;galvanizacao;laser;48;259.76533333333333;1.5398513530160556;48171.73;12248.14;28650.8;49019.39;12398.58;36273.59
plataforma;alta;31171.84;120;S275JR;galvanizacao;laser;48;259.76533333333333;1.5398513530160556;48292.52;12675.95;25587.3;53445.18;14387.15;29228.73
escadaria;baixa;19526.52;298;S275JR;jateamento_pintura;serra;49;65.52523489932886;2.5094077183235926;25595.33;4393.63;8430.22;27420.96;4733.93;8976.69
escadaria;baixa;19526.52;298;S275JR;jateamento_pintura;serra;49;65.52523489932886;2.5094077183235926;25504.22;3785.88;7450.4;29416.07;3968.43;8223.01
escadaria;baixa;19526.52;298;S275JR;jateamento_pintura;serra;49;65.52523489932886;2.5094077183235926;25869.21;4376.51;8073.88;28273.77;4839.55;9912.99
pavilhao;media;25393.74;238;S355JR;pintura_pu;laser;50;106.69638655462185;1.9689892075763553;48326.67;7927.41;14636.97;54081.9;9142.23;14863.72
pavilhao;media;25393.74;238;S355JR;pintura_pu;laser;50;106.69638655462185;1.9689892075763553;46071.65;7551.39;14602.56;49898.49;7358.4;18982.87
pavilhao;media;25393.74;238;S355JR;pintura_pu;laser;50;106.69638655462185;1.9689892075763553;44582.82;8240.88;15162.56;47570.24;8826.39;19152.78
passadico;baixa;26431.64;426;S275JR;jateamento_pintura;serra;51;62.04610328638498;1.9295056984734962;38415.32;5756.22;10054.44;42146.0;6562.56;10059.89
passadico;baixa;26431.64;426;S275JR;jateamento_pintura;serra;51;62.04610328638498;1.9295056984734962;34815.89;5379.34;11306.77;37830.97;5822.97;12728.29
passadico;baixa;26431.64;426;S275JR;jateamento_pintura;serra;51;62.04610328638498;1.9295056984734962;35615.11;6060.24;11433.62;39832.42;6483.64;12150.24
cobertura;alta;26052.85;34;S275JR;galvanizacao;laser;52;766.260294117647;1.995942862297215;44549.08;8761.78;21098.09;45184.29;9622.3;26809.5
cobertura;alta;26052.85;34;S275JR;galvanizacao;laser;52;766.260294117647;1.995942862297215;40291.64;8929.44;20018.23;42242.75;9461.55;23254.51
cobertura;alta;26052.85;34;S275JR;galvanizacao;laser;52;766.260294117647;1.995942862297215;44345.08;9665.7;22380.2;46969.25;10901.57;26377.26
mezanino;media;27247.47;180;AISI304;pintura_pu;serra;53;151.37483333333333;1.9451347225999331;157969.84;7419.94;13774.59;168162.24;7954.02;16349.2
mezanino;media;27247.47;180;AISI304;pintura_pu;serra;53;151.37483333333333;1.9451347225999331;140024.18;6665.45;15095.95;148124.02;7292.3;16029.9
mezanino;media;27247.47;180;AISI304;pintura_pu;serra;53;151.37483333333333;1.9451347225999331;141802.49;7771.34;16114.74;152500.62;8269.86;17510.36
plataforma;baixa;20422.52;402;S275JR;jateamento_pintura;laser;54;50.80228855721393;2.6441399004628225;33489.22;4522.58;7821.26;34013.54;4834.66;9592.02
plataforma;baixa;20422.52;402;S275JR;jateamento_pintura;laser;54;50.80228855721393;2.6441399004628225;29839.08;4888.6;8285.08;33364.63;5278.7;9404.25
plataforma;baixa;20422.52;402;S275JR;jateamento_pintura;laser;54;50.80228855721393;2.6441399004628225;31205.35;4807.3;7841.82;32546.72;4805.56;9311.3
escadaria;baixa;11024.58;239;S355JR;jateamento_pintura;serra;55;46.12794979079498;4.988852183031009;17146.56;2325.58;4707.5;18699.06;2753.53;5608.1
escadaria;baixa;11024.58;239;S355JR;jateamento_pintura;serra;55;46.12794979079498;4.988852183031009;16376.61;2271.68;4273.27;17986.62;2306.96;5456.9
escadaria;baixa;11024.58;239;S355JR;jateamento_pintura;serra;55;46.12794979079498;4.988852183031009;16173.82;2386.03;4215.71;17902.95;2481.63;4445.66
pavilhao;alta;24570.48;75;AISI304;galvanizacao;laser;56;327.6064;2.2791577535318805;134455.63;8338.56;21424.01;144006.45;8639.47;22824.81
pavilhao;alta;24570.48;75;AISI304;galvanizacao;laser;56;327.6064;2.2791577535318805;136546.64;9379.53;19190.73;143956.72;9930.71;22230.62
pavilhao;alta;24570.48;75;AISI304;galvanizacao;laser;56;327.6064;2.2791577535318805;141384.58;9763.37;18880.11;150594.81;11111.76;20447.88
passadico;baixa;22682.1;98;S275JR;jateamento_pintura;serra;57;231.45;2.5129948285211685;31927.63;3868.44;10142.2;32125.73;4200.15;10023.44
passadico;baixa;22682.1;98;S275JR;jateamento_pintura;serra;57;231.45;2.5129948285211685;31708.99;3984.2;10217.65;32020.08;3950.89;11735.89
passadico;baixa;22682.1;98;S275JR;jateamento_pintura;serra;57;231.45;2.5129948285211685;29831.47;4011.25;9932.14;32068.78;4199.56;11898.12
cobertura;baixa;33036.73;307;S275JR;jateamento_pintura;laser;58;107.6114983713355;1.7556216974258652;56176.82;7472.71;14236.21;59552.32;8020.28;15193.6
cobertura;baixa;33036.73;307;S275JR;jateamento_pintura;laser;58;107.6114983713355;1.7556216974258652;51277.82;7620.02;14917.97;54862.18;8513.81;16639.5
cobertura;baixa;33036.73;307;S275JR;jateamento_pintura;laser;58;107.6114983713355;1.7556216974258652;53533.96;8276.53;15238.66;58004.0;9282.26;14737.73
mezanino;media;12188.54;293;AISI304;pintura_pu;serra;59;41.59911262798635;4.840612575419205;70063.12;3634.36;6250.46;70678.67;3714.65;6925.64
mezanino;media;12188.54;293;AISI304;pintura_pu;serra;59;41.59911262798635;4.840612575419205;67501.67;3590.69;6258.6;72542.29;4057.23;6741.56
mezanino;media;12188.54;293;AISI304;pintura_pu;serra;59;41.59911262798635;4.840612575419205;71722.23;3560.93;6223.8;76783.64;3814.93;7629.71
plataforma;alta;10386.48;308;S355JR;galvanizacao;laser;60;33.722337662337665;5.776740531922268;19992.06;4619.41;8663.07;22642.83;4548.74;10608.8
plataforma;alta;10386.48;308;S355JR;galvanizacao;laser;60;33.722337662337665;5.776740531922268;19103.52;4120.86;8491.9;20414.49;4252.64;9487.18
plataforma;alta;10386.48;308;S355JR;galvanizacao;laser;60;33.722337662337665;5.776740531922268;18464.01;4532.3;8618.24;20583.68;4724.4;10200.81
escadaria;baixa;23024.38;362;S275JR;jateamento_pintura;serra;61;63.60325966850829;2.649365585522824;32256.48;4869.63;10097.51;34287.17;5692.89;10730.12
escadaria;baixa;23024.38;362;S275JR;jateamento_pintura;serra;61;63.60325966850829;2.649365585522824;30120.95;4881.18;9629.25;34094.79;5268.93;12927.29
escadaria;baixa;23024.38;362;S275JR;jateamento_pintura;serra;61;63.60325966850829;2.649365585522824;31679.13;5069.01;10285.02;32269.36;6031.25;12367.39
pavilhao;media;1234.61;435;AISI304;pintura_pu;laser;62;2.838183908045977;50.21828755639433;7186.77;458.83;657.91;7393.19;498.32;703.73
pavilhao;media;1234.61;435;AISI304;pintura_pu;laser;62;2.838183908045977;50.21828755639433;6878.9;410.16;682.81;7618.78;450.54;753.01
pavilhao;media;1234.61;435;AISI304;pintura_pu;laser;62;2.838183908045977;50.21828755639433;7195.57;439.18;700.62;7512.91;459.48;681.31
passadico;baixa;12443.98;420;S275JR;jateamento_pintura;serra;63;29.62852380952381;5.062688946783907;16528.08;2853.14;4988.11;18231.73;3144.24;4955.5
passadico;baixa;12443.98;420;S275JR;jateamento_pintura;serra;63;29.62852380952381;5.062688946783907;18292.2;2976.34;4819.22;20640.35;2970.59;5735.94
passadico;baixa;12443.98;420;S275JR;jateamento_pintura;serra;63;29.62852380952381;5.062688946783907;16658.92;2850.49;5119.27;18237.31;3174.46;5869.09
cobertura;alta;32670.96;339;S275JR;galvanizacao;laser;64;96.37451327433628;1.9589262145954696;52907.3;14792.66;29201.09;55343.84;16346.71;34832.7
cobertura;alta;32670.96;339;S275JR;galvanizacao;laser;64;96.37451327433628;1.9589262145954696;54635.21;14639.12;25772.09;59638.46;15257.22;31694.9
cobertura;alta;32670.96;339;S275JR;galvanizacao;laser;64;96.37451327433628;1.9589262145954696;50713.1;15744.4;29518.2;57977.62;17342.46;31764.92
mezanino;media;6652.1;438;S355JR;pintura_pu;serra;20;15.18744292237443;3.0065693540385743;11568.36;2126.27;3980.51;12513.12;2325.59;4021.04
mezanino;media;6652.1;438;S355JR;pintura_pu;serra;20;15.18744292237443;3.0065693540385743;12022.69;1956.43;3849.32;12430.17;2015.11;3908.21
mezanino;media;6652.1;438;S355JR;pintura_pu;serra;20;15.18744292237443;3.0065693540385743;12100.3;1915.46;3562.35;12854.11;2049.7;4162.92
plataforma;baixa;33365.91;219;S275JR;jateamento_pintura;laser;21;152.35575342465754;0.6293849021351433;53044.55;7808.76;13516.33;54624.2;7966.15;14298.4
plataforma;baixa;33365.91;219;S275JR;jateamento_pintura;laser;21;152.35575342465754;0.6293849021351433;50511.87;7281.03;13713.21;56513.5;7549.25;16690.66
plataforma;baixa;33365.91;219;S275JR;jateamento_pintura;laser;21;152.35575342465754;0.6293849021351433;53261.78;6831.81;14282.27;58841.27;7190.83;14021.15
escadaria;baixa;21707.65;433;S275JR;jateamento_pintura;serra;22;50.13314087759815;1.0134676024350862;27868.04;5352.72;9535.96;28794.42;5679.83;10545.77
escadaria;baixa;21707.65;433;S275JR;jateamento_pintura;serra;22;50.13314087759815;1.0134676024350862;28011.89;5275.98;9166.61;31693.42;5322.67;8837.09
escadaria;baixa;21707.65;433;S275JR;jateamento_pintura;serra;22;50.13314087759815;1.0134676024350862;28138.72;4462.12;9041.69;29176.31;4922.38;9228.53
pavilhao;alta;20298.42;246;AISI304;galvanizacao;laser;23;82.51390243902439;1.1330931175924037;120683.12;9169.52;18370.5;132247.9;10042.83;21150.48
pavilhao;alta;20298.42;246;AISI304;galvanizacao;laser;23;82.51390243902439;1.1330931175924037;113671.71;8000.09;17457.69;121000.81;8215.65;23955.1
pavilhao;alta;20298.42;246;AISI304;galvanizacao;laser;23;82.51390243902439;1.1330931175924037;109801.61;8513.52;16864.46;126312.21;10061.74;16201.3
passadico;baixa;7688.63;191;S275JR;jateamento_pintura;serra;24;40.25460732984293;3.1214923855095122;10530.09;1573.64;3487.05;11046.58;1713.46;4269.0
passadico;baixa;7688.63;191;S275JR;jateamento_pintura;serra;24;40.25460732984293;3.1214923855095122;10478.05;1574.6;3021.5;11438.01;1708.19;3096.58
passadico;baixa;7688.63;191;S275JR;jateamento_pintura;serra;24;40.25460732984293;3.1214923855095122;10772.0;1431.04;2932.13;11238.48;1505.84;3480.28
cobertura;baixa;33568.67;147;S355JR;jateamento_pintura;laser;25;228.3582993197279;0.744742046676261;69695.57;6314.9;13529.36;72254.57;7022.01;14077.45
cobertura;baixa;33568.67;147;S355JR;jateamento_pintura;laser;25;228.3582993197279;0.744742046676261;68283.9;7517.83;12814.49;77772.18;7833.53;14791.03
cobertura;baixa;33568.67;147;S355JR;jateamento_pintura;laser;25;228.3582993197279;0.744742046676261;67423.0;6737.38;13764.21;73807.57;7504.08;15297.8
mezanino;media;24002.1;117;AISI304;pintura_pu;serra;26;205.14615384615385;1.0832385499602117;131928.35;5548.94;14036.23;134196.63;6246.55;17276.56
mezanino;media;24002.1;117;AISI304;pintura_pu;serra;26;205.14615384615385;1.0832385499602117;127637.77;6385.21;12961.99;144626.69;7033.76;14231.53
mezanino;media;24002.1;117;AISI304;pintura_pu;serra;26;205.14615384615385;1.0832385499602117;136753.66;6372.16;12904.17;142160.24;6519.77;13613.51
plataforma;alta;28195.41;330;S275JR;galvanizacao;laser;27;85.44063636363636;0.9576026736266647;41868.82;13339.29;22327.62;43985.58;14773.14;25687.61
plataforma;alta;28195.41;330;S275JR;galvanizacao;laser;27;85.44063636363636;0.9576026736266647;41076.21;11957.06;22735.0;42064.61;12297.19;25731.08
plataforma;alta;28195.41;330;S275JR;galvanizacao;laser;27;85.44063636363636;0.9576026736266647;42657.55;11920.18;24989.24;44291.75;12885.67;31934.32
escadaria;baixa;1965.63;427;S275JR;jateamento_pintura;serra;28;4.6033489461358315;14.244796833585161;2487.66;479.05;851.1;2553.55;505.55;847.16
escadaria;baixa;1965.63;427;S275JR;jateamento_pintura;serra;28;4.6033489461358315;14.244796833585161;2486.03;460.93;858.33;2732.69;519.53;962.7
escadaria;baixa;1965.63;427;S275JR;jateamento_pintura;serra;28;4.6033489461358315;14.244796833585161;2520.32;483.0;760.06;2681.48;556.91;871.94
pavilhao;media;29819.57;356;AISI304;pintura_pu;laser;29;83.76283707865169;0.97251570025993;170281.04;9232.4;17535.67;183944.24;9343.71;19292.86
pavilhao;media;29819.57;356;AISI304;pintura_pu;laser;29;83.76283707865169;0.97251570025993;167610.73;10363.93;17457.98;179404.59;12160.38;20124.63
pavilhao;media;29819.57;356;AISI304;pintura_pu;laser;29;83.76283707865169;0.97251570025993;184621.37;9269.27;16014.59;200522.33;9326.1;16224.34
passadico;baixa;1313.26;122;S355JR;jateamento_pintura;serra;30;10.764426229508196;22.843915142469886;2305.49;300.0;582.24;2429.24;328.86;589.23
passadico;baixa;1313.26;122;S355JR;jateamento_pintura;serra;30;10.764426229508196;22.843915142469886;2296.59;300.0;546.67;2586.47;313.13;642.94
passadico;baixa;1313.26;122;S355JR;jateamento_pintura;serra;30;10.764426229508196;22.843915142469886;2148.85;300.01;599.14;2179.47;319.15;614.31
cobertura;alta;24086.67;355;S275JR;galvanizacao;laser;31;67.84977464788733;1.2870189195932853;38269.8;11161.77;20452.35;41813.52;11496.64;22643.4
cobertura;alta;24086.67;355;S275JR;galvanizacao;laser;31;67.84977464788733;1.2870189195932853;41343.88;9956.82;20876.72;43919.98;10719.12;22073.78
cobertura;alta;24086.67;355;S275JR;galvanizacao;laser;31;67.84977464788733;1.2870189195932853;36794.31;10302.99;20088.02;42164.45;11144.4;19848.62
mezanino;media;10162.92;199;AISI304;pintura_pu;serra;32;51.06994974874372;3.1487013574838727;55864.37;2800.79;5252.23;63191.52;3092.01;5552.46
mezanino;media;10162.92;199;AISI304;pintura_pu;serra;32;51.06994974874372;3.1487013574838727;52278.58;2509.18;5641.75;57186.84;2693.79;6040.72
mezanino;media;10162.92;199;AISI304;pintura_pu;serra;32;51.06994974874372;3.1487013574838727;57649.91;2654.8;5212.79;61358.14;2791.95;5548.35
plataforma;baixa;1457.91;225;S275JR;jateamento_pintura;laser;33;6.4796;22.6351420869601;2366.01;320.67;650.53;2612.49;329.17;713.55
plataforma;baixa;1457.91;225;S275JR;jateamento_pintura;laser;33;6.4796;22.6351420869601;2358.6;311.96;657.5;2669.13;310.49;688.18
plataforma;baixa;1457.91;225;S275JR;jateamento_pintura;laser;33;6.4796;22.6351420869601;2218.15;300.01;599.66;2431.21;326.27;645.61
escadaria;baixa;2043.66;53;S275JR;jateamento_pintura;serra;34;38.559622641509435;16.636818257440083;2679.73;366.07;876.38;2951.03;395.03;1044.87
escadaria;baixa;2043.66;53;S275JR;jateamento_pintura;serra;34;38.559622641509435;16.636818257440083;2552.51;386.91;775.49;2844.26;403.14;909.65
escadaria;baixa;2043.66;53;S275JR;jateamento_pintura;serra;34;38.559622641509435;16.636818257440083;2805.72;374.57;855.08;3015.82;380.77;875.58
pavilhao;alta;7053.27;254;S355JR;galvanizacao;laser;35;27.768779527559055;4.962237373587003;13011.85;3098.13;6273.04;14301.34;3297.57;7249.76
pavilhao;alta;7053.27;254;S355JR;galvanizacao;laser;35;27.768779527559055;4.962237373587003;12961.19;2818.41;5874.89;15187.69;3068.54;6004.43
pavilhao;alta;7053.27;254;S355JR;galvanizacao;laser;35;27.768779527559055;4.962237373587003;13374.32;2670.7;6326.58;13798.61;2841.09;5568.81
passadico;baixa;27738.23;101;S275JR;jateamento_pintura;serra;36;274.63594059405943;1.2978477718297095;37044.17;5122.63;10742.84;39417.09;5886.92;12863.66
passadico;baixa;27738.23;101;S275JR;jateamento_pintura;serra;36;274.63594059405943;1.2978477718297095;39952.07;5302.62;12797.41;44213.39;5811.92;16690.97
passadico;baixa;27738.23;101;S275JR;jateamento_pintura;serra;36;274.63594059405943;1.2978477718297095;38059.4;4554.58;11362.84;43120.65;4970.97;13904.97
cobertura;baixa;12198.45;414;S275JR;jateamento_pintura;laser;37;29.464855072463767;3.0331722472937135;20437.25;2807.47;5218.28;21745.94;3087.87;5703.82
cobertura;baixa;12198.45;414;S275JR;jateamento_pintura;laser;37;29.464855072463767;3.0331722472937135;19687.03;3209.54;5446.18;21737.37;3315.92;5631.45
cobertura;baixa;12198.45;414;S275JR;jateamento_pintura;laser;37;29.464855072463767;3.0331722472937135;19941.78;2740.43;4660.16;20761.14;2901.85;4705.86
mezanino;media;33484.02;367;AISI304;pintura_pu;serra;38;91.23711171662126;1.1348697079980241;174636.13;9854.34;17282.91;201082.9;10139.88;19279.35
mezanino;media;33484.02;367;AISI304;pintura_pu;serra;38;91.23711171662126;1.1348697079980241;196375.41;10840.82;19649.27;210250.09;10762.95;25707.62
mezanino;media;33484.02;367;AISI304;pintura_pu;serra;38;91.23711171662126;1.1348697079980241;184811.66;10217.22;18347.43;200344.03;10664.39;23622.55
plataforma;alta;24587.16;64;S275JR;galvanizacao;laser;39;384.174375;1.5861937694308736;36614.43;9106.88;19730.19;40412.22;10490.73;19556.16
plataforma;alta;24587.16;64;S275JR;galvanizacao;laser;39;384.174375;1.5861937694308736;37587.4;9836.35;22565.47;40729.13;10135.38;22185.48
plataforma;alta;24587.16;64;S275JR;galvanizacao;laser;39;384.174375;1.5861937694308736;40546.2;9109.67;21374.88;45717.24;9208.65;20247.47
escadaria;baixa;9241.37;190;S355JR;jateamento_pintura;serra;40;48.63878947368421;4.3283625696190065;13695.4;1949.94;3620.96;14595.1;1960.97;4225.71
escadaria;baixa;9241.37;190;S355JR;jateamento_pintura;serra;40;48.63878947368421;4.3283625696190065;15377.05;1884.46;3540.51;16651.24;1964.59;3897.7
escadaria;baixa;9241.37;190;S355JR;jateamento_pintura;serra;40;48.63878947368421;4.3283625696190065;13910.36;1766.02;4148.83;14903.56;1750.9;4194.98
pavilhao;media;25908.26;293;AISI304;pintura_pu;laser;41;88.42409556313993;1.5825068916245244;156293.55;7754.51;15660.77;163093.21;8540.09;19295.33
pavilhao;media;25908.26;293;AISI304;pintura_pu;laser;41;88.42409556313993;1.5825068916245244;144856.41;8205.3;15058.62;156927.15;9059.16;16377.7
pavilhao;media;25908.26;293;AISI304;pintura_pu;laser;41;88.42409556313993;1.5825068916245244;139877.69;8825.38;15014.11;155164.54;9583.38;16689.42
passadico;baixa;32612.67;120;S275JR;jateamento_pintura;serra;42;271.77225;1.2878430376905663;45977.18;5839.01;13638.73;49895.76;6128.34;15594.65
passadico;baixa;32612.67;120;S275JR;jateamento_pintura;serra;42;271.77225;1.2878430376905663;42913.35;5403.29;14692.5;46978.18;5460.47;15106.72
passadico;baixa;32612.67;120;S275JR;jateamento_pintura;serra;42;271.77225;1.2878430376905663;47430.51;6028.36;14381.09;49858.28;6310.97;18453.64
cobertura;alta;17750.77;106;S275JR;galvanizacao;laser;43;167.46009433962263;2.422430125566384;27122.08;7232.0;14025.1;30229.41;7916.01;15650.82
cobertura;alta;17750.77;106;S275JR;galvanizacao;laser;43;167.46009433962263;2.422430125566384;29131.59;7072.59;14865.25;31195.9;7959.74;15497.37
cobertura;alta;17750.77;106;S275JR;galvanizacao;laser;43;167.46009433962263;2.422430125566384;28886.38;6950.43;15836.4;30318.7;6988.32;19285.3
mezanino;media;27442.04;380;AISI304;pintura_pu;serra;44;72.2158947368421;1.6033793406029582;152844.57;9145.01;14984.37;165651.94;10480.23;18675.21
mezanino;media;27442.04;380;AISI304;pintura_pu;serra;44;72.2158947368421;1.6033793406029582;146575.95;9004.65;16348.02;171008.25;9150.36;18190.75
mezanino;media;27442.04;380;AISI304;pintura_pu;serra;44;72.2158947368421;1.6033793406029582;158206.1;9168.75;15896.84;163167.24;10393.39;19246.69
plataforma;baixa;6804.72;444;S355JR;jateamento_pintura;laser;45;15.325945945945946;6.613056819384192;12799.18;1742.55;2895.81;14124.75;1934.95;2768.6
plataforma;baixa;6804.72;444;S355JR;jateamento_pintura;laser;45;15.325945945945946;6.613056819384192;12342.92;1690.24;2924.22;13230.99;1798.06;3673.93
plataforma;baixa;6804.72;444;S355JR;jateamento_pintura;laser;45;15.325945945945946;6.613056819384192;12236.65;1651.21;2848.35;13819.93;1800.73;3078.58
escadaria;baixa;25395.96;349;S275JR;jateamento_pintura;serra;46;72.76779369627508;1.8113117204468743;31490.59;5942.23;10016.43;35897.55;6483.41;12028.04
escadaria;baixa;25395.96;349;S275JR;jateamento_pintura;serra;46;72.76779369627508;1.8113117204468743;35774.53;5292.02;11654.35;38509.45;6147.62;14670.95
escadaria;baixa;25395.96;349;S275JR;jateamento_pintura;serra;46;72.76779369627508;1.8113117204468743;33279.41;5721.56;11662.74;34010.64;6063.44;15111.54
pavilhao;alta;16817.62;314;AISI304;galvanizacao;laser;47;53.55929936305733;2.794687952278622;99915.62;7594.18;12902.09;114766.06;8408.81;13070.24
pavilhao;alta;16817.62;314;AISI304;galvanizacao;laser;47;53.55929936305733;2.794687952278622;95424.79;7591.85;15105.0;105644.11;7968.37;18032.43
pavilhao;alta;16817.62;314;AISI304;galvanizacao;laser;47;53.55929936305733;2.794687952278622;92560.5;6986.34;13899.09;100346.71;7434.84;15737.37
passadico;baixa;7918.3;340;S275JR;jateamento_pintura;serra;48;23.289117647058823;6.061907227561472;10578.76;1767.5;3011.88;11180.99;1915.31;3323.53
passadico;baixa;7918.3;340;S275JR;jateamento_pintura;serra;48;23.289117647058823;6.061907227561472;10332.23;1650.11;3647.89;11232.3;1711.74;3841.4
passadico;baixa;7918.3;340;S275JR;jateamento_pintura;serra;48;23.289117647058823;6.061907227561472;10279.93;1778.73;3406.91;10803.43;2052.77;4200.08
cobertura;baixa;15412.34;358;S275JR;jateamento_pintura;laser;49;43.05122905027933;3.1792706363861685;25048.93;3326.41;7093.79;26987.42;3500.94;9423.97
cobertura;baixa;15412.34;358;S275JR;jateamento_pintura;laser;49;43.05122905027933;3.1792706363861685;23808.09;3624.14;7033.54;25878.34;3873.15;7819.83
cobertura;baixa;15412.34;358;S275JR;jateamento_pintura;laser;49;43.05122905027933;3.1792706363861685;24771.51;3432.41;6272.58;27128.02;3717.9;7505.22
mezanino;media;11338.19;107;S355JR;pintura_pu;serra;50;105.96439252336448;4.409874944766316;21015.27;2595.23;6580.58;24917.48;2700.71;7354.09
mezanino;media;11338.19;107;S355JR;pintura_pu;serra;50;105.96439252336448;4.409874944766316;20350.98;3113.03;5670.35;23248.32;3225.3;6475.1
mezanino;media;11338.19;107;S355JR;pintura_pu;serra;50;105.96439252336448;4.409874944766316;20689.99;2828.58;6402.77;22330.43;3020.44;7104.51
plataforma;alta;33278.27;298;S275JR;galvanizacao;laser;51;111.67204697986577;1.5325315889317563;50278.54;14365.1;25521.07;55156.05;14887.02;27799.34
plataforma;alta;33278.27;298;S275JR;galvanizacao;laser;51;111.67204697986577;1.5325315889317563;49961.16;13721.76;28946.21;54843.9;15400.95;29649.23
plataforma;alta;33278.27;298;S275JR;galvanizacao;laser;51;111.67204697986577;1.5325315889317563;55009.05;15411.87;30735.35;60520.0;17487.49;33653.12
escadaria;baixa;17141.17;308;S275JR;jateamento_pintura;serra;52;55.65314935064935;3.033631893272163;24163.84;3788.59;7289.39;26676.62;4076.74;7621.85
escadaria;baixa;17141.17;308;S275JR;jateamento_pintura;serra;52;55.65314935064935;3.033631893272163;23090.5;3682.63;6732.21;22611.66;3998.94;7794.31
escadaria;baixa;17141.17;308;S275JR;jateamento_pintura;serra;52;55.65314935064935;3.033631893272163;22260.41;3449.67;7500.32;23637.91;3766.6;9073.14
pavilhao;media;10262.37;296;AISI304;pintura_pu;laser;53;34.67016891891892;5.164499038721075;56048.51;3548.87;5100.7;62469.61;3823.22;5504.85
pavilhao;media;10262.37;296;AISI304;pintura_pu;laser;53;34.67016891891892;5.164499038721075;57927.61;3400.24;5731.39;63267.29;3640.33;6524.16
pavilhao;media;10262.37;296;AISI304;pintura_pu;laser;53;34.67016891891892;5.164499038721075;59092.54;3300.43;6163.4;66548.52;3389.19;7011.87
passadico;baixa;13725.59;389;S275JR;jateamento_pintura;serra;54;35.284293059125964;3.9342571066161818;17888.02;3200.47;5296.73;19557.69;3453.57;5932.98
passadico;baixa;13725.59;389;S275JR;jateamento_pintura;serra;54;35.284293059125964;3.9342571066161818;19141.63;3200.77;5586.07;21166.67;3585.25;6025.36
passadico;baixa;13725.59;389;S275JR;jateamento_pintura;serra;54;35.284293059125964;3.9342571066161818;19768.09;2827.41;5832.14;21270.37;2972.62;6995.68
cobertura;alta;33130.12;296;S355JR;galvanizacao;laser;55;111.92608108108108;1.6601207602024985;61057.7;14927.29;27436.72;66210.83;15842.27;32206.89
cobertura;alta;33130.12;296;S355JR;galvanizacao;laser;55;111.92608108108108;1.6601207602024985;68402.41;13567.86;28569.69;74050.91;15401.96;30979.71
cobertura;alta;33130.12;296;S355JR;galvanizacao;laser;55;111.92608108108108;1.6601207602024985;63224.29;15120.05;27171.2;69531.86;15259.47;35280.5
mezanino;media;14373.64;230;AISI304;pintura_pu;serra;56;62.49408695652174;3.896020771356455;81576.83;4039.42;8253.25;83197.08;4060.0;9369.77
mezanino;media;14373.64;230;AISI304;pintura_pu;serra;56;62.49408695652174;3.896020771356455;80214.97;4038.71;7695.73;87686.82;4529.41;8692.68
mezanino;media;14373.64;230;AISI304;pintura_pu;serra;56;62.49408695652174;3.896020771356455;74489.37;3945.95;8229.86;80753.41;3806.4;9421.87
plataforma;baixa;19857.92;320;S275JR;jateamento_pintura;laser;57;62.056;2.870391259507542;32907.23;4907.06;8368.32;34048.96;5376.35;10067.46
plataforma;baixa;19857.92;320;S275JR;jateamento_pintura;laser;57;62.056;2.870391259507542;28997.15;4857.23;7844.24;32464.15;5138.51;9772.66
plataforma;baixa;19857.92;320;S275JR;jateamento_pintura;laser;57;62.056;2.870391259507542;31677.05;4433.16;8803.33;33286.71;4554.13;10889.08
escadaria;baixa;14393.0;384;S275JR;jateamento_pintura;serra;58;37.481770833333336;4.029736677551588;19947.85;2832.47;6327.96;22178.07;2993.03;6490.82
escadaria;baixa;14393.0;384;S275JR;jateamento_pintura;serra;58;37.481770833333336;4.029736677551588;19230.28;3131.18;5664.43;20053.48;3611.18;6433.86
escadaria;baixa;14393.0;384;S275JR;jateamento_pintura;serra;58;37.481770833333336;4.029736677551588;19824.28;2890.53;5777.68;21170.68;3185.29;7057.63
pavilhao;alta;19765.34;323;AISI304;galvanizacao;laser;59;61.19300309597523;2.985023278122208;111980.6;7889.99;15225.78;125996.66;8155.95;15927.6
pavilhao;alta;19765.34;323;AISI304;galvanizacao;laser;59;61.19300309597523;2.985023278122208;107808.7;9514.87;18284.05;120985.94;10232.5;18941.53
pavilhao;alta;19765.34;323;AISI304;galvanizacao;laser;59;61.19300309597523;2.985023278122208;118479.2;8844.94;16737.26;129679.77;9236.2;20121.18
passadico;baixa;16721.03;47;S355JR;jateamento_pintura;serra;60;355.76659574468084;3.588295697095215;29624.66;3079.64;7306.59;30569.2;3586.3;7015.02
passadico;baixa;16721.03;47;S355JR;jateamento_pintura;serra;60;355.76659574468084;3.588295697095215;28638.43;2755.69;6934.21;30433.15;3115.86;7784.18
passadico;baixa;16721.03;47;S355JR;jateamento_pintura;serra;60;355.76659574468084;3.588295697095215;27635.21;2791.94;7503.7;31366.04;3111.4;8504.83
cobertura;baixa;7244.81;122;S275JR;jateamento_pintura;laser;61;59.38368852459016;8.419820533595773;11125.28;1353.38;3131.12;12123.91;1423.88;3814.39
cobertura;baixa;7244.81;122;S275JR;jateamento_pintura;laser;61;59.38368852459016;8.419820533595773;11001.05;1484.16;3125.88;12137.53;1742.4;3538.53
cobertura;baixa;7244.81;122;S275JR;jateamento_pintura;laser;61;59.38368852459016;8.419820533595773;12260.27;1539.02;3187.79;13975.63;1659.95;3909.1
mezanino;media;8457.91;291;AISI304;pintura_pu;serra;62;29.064982817869417;7.330416142995137;49482.6;2490.57;4716.28;54743.54;2697.41;5637.05
mezanino;media;8457.91;291;AISI304;pintura_pu;serra;62;29.064982817869417;7.330416142995137;43600.48;2288.9;5008.73;48628.01;2480.98;5782.48
mezanino;media;8457.91;291;AISI304;pintura_pu;serra;62;29.064982817869417;7.330416142995137;47904.62;2235.8;4634.16;56519.26;2426.31;5070.97
plataforma;alta;28933.29;191;S275JR;galvanizacao;laser;63;151.4831937172775;2.177422615955531;47942.76;12492.54;25607.58;52449.89;14340.55;24680.08
plataforma;alta;28933.29;191;S275JR;galvanizacao;laser;63;151.4831937172775;2.177422615955531;47347.54;11890.4;24922.51;50258.41;11745.46;30195.93
plataforma;alta;28933.29;191;S275JR;galvanizacao;laser;63;151.4831937172775;2.177422615955531;47201.53;12081.46;25597.57;50864.87;11276.25;26167.45
escadaria;baixa;1843.88;364;S275JR;jateamento_pintura;serra;64;5.065604395604396;34.7094170987266;2364.09;430.5;850.57;2528.07;424.11;1012.85
escadaria;baixa;1843.88;364;S275JR;jateamento_pintura;serra;64;5.065604395604396;34.7094170987266;2537.25;417.58;791.46;2722.83;457.88;830.59
escadaria;baixa;1843.88;364;S275JR;jateamento_pintura;serra;64;5.065604395604396;34.7094170987266;2495.28;373.13;787.62;2547.37;404.65;913.43
pavilhao;media;11878.34;290;S355JR;pintura_pu;laser;20;40.95979310344828;1.6837369531432842;23416.14;3426.36;5901.81;24484.35;3518.79;6308.78
pavilhao;media;11878.34;290;S355JR;pintura_pu;laser;20;40.95979310344828;1.6837369531432842;23275.1;3598.01;6029.37;25196.96;3704.38;5824.46
pavilhao;media;11878.34;290;S355JR;pintura_pu;laser;20;40.95979310344828;1.6837369531432842;22885.05;3738.11;6523.28;24706.49;3781.3;7810.99
passadico;baixa;7327.51;183;S275JR;jateamento_pintura;serra;21;40.04103825136612;2.865912158427624;10899.82;1398.48;3270.31;11344.27;1490.13;3656.48
passadico;baixa;7327.51;183;S275JR;jateamento_pintura;serra;21;40.04103825136612;2.865912158427624;9997.28;1507.06;3300.22;10594.78;1688.36;4059.24
passadico;baixa;7327.51;183;S275JR;jateamento_pintura;serra;21;40.04103825136612;2.865912158427624;10228.83;1392.06;3104.63;11842.53;1452.51;3044.3
cobertura;alta;13323.87;434;S275JR;galvanizacao;laser;22;30.70016129032258;1.6511719192697016;20284.61;6289.39;11907.13;21079.91;6701.78;11660.95
cobertura;alta;13323.87;434;S275JR;galvanizacao;laser;22;30.70016129032258;1.6511719192697016;23156.32;6747.94;12272.08;25502.19;7081.26;13949.76
cobertura;alta;13323.87;434;S275JR;galvanizacao;laser;22;30.70016129032258;1.6511719192697016;22447.71;6193.89;12385.99;24721.35;6289.01;13803.1
mezanino;media;10089.98;154;AISI304;pintura_pu;serra;23;65.51935064935066;2.2794891565691904;57205.4;2572.77;5122.48;63506.29;2536.12;6278.61
mezanino;media;10089.98;154;AISI304;pintura_pu;serra;23;65.51935064935066;2.2794891565691904;52890.54;2491.22;5987.78;51045.74;2780.69;6581.54
mezanino;media;10089.98;154;AISI304;pintura_pu;serra;23;65.51935064935066;2.2794891565691904;53498.88;2407.23;5853.94;57365.94;2447.57;6641.14
plataforma;baixa;30258.47;218;S275JR;jateamento_pintura;laser;24;138.80032110091744;0.7931663431759769;47470.47;6342.16;13455.06;55647.98;6913.94;16556.67
plataforma;baixa;30258.47;218;S275JR;jateamento_pintura;laser;24;138.80032110091744;0.7931663431759769;45693.48;6495.57;11843.56;48887.32;7256.06;13409.93
plataforma;baixa;30258.47;218;S275JR;jateamento_pintura;laser;24;138.80032110091744;0.7931663431759769;47522.81;6369.16;13627.32;50637.58;7073.43;14029.39
escadaria;baixa;2314.12;311;S355JR;jateamento_pintura;serra;25;7.440900321543408;10.80324270132923;3716.74;512.84;1060.14;4104.13;566.35;1209.28
escadaria;baixa;2314.12;311;S355JR;jateamento_pintura;serra;25;7.440900321543408;10.80324270132923;3462.64;444.71;983.04;3829.09;470.04;1077.97
escadaria;baixa;2314.12;311;S355JR;jateamento_pintura;serra;25;7.440900321543408;10.80324270132923;3858.7;455.79;956.89;4211.6;475.92;1090.93
pavilhao;alta;32065.91;408;AISI304;galvanizacao;laser;26;78.59291666666667;0.8108299437003347;197564.84;14286.9;25823.35;214796.27;16294.06;29830.71
pavilhao;alta;32065.91;408;AISI304;galvanizacao;laser;26;78.59291666666667;0.8108299437003347;179967.22;15431.63;24736.63;188933.98;15640.95;27322.27
pavilhao;alta;32065.91;408;AISI304;galvanizacao;laser;26;78.59291666666667;0.8108299437003347;192811.34;15617.04;28816.4;192523.07;16386.28;31613.71
passadico;baixa;15188.34;39;S275JR;jateamento_pintura;serra;27;389.44461538461536;1.777679456741158;20702.09;2543.26;6412.45;23755.83;2807.86;6061.59
passadico;baixa;15188.34;39;S275JR;jateamento_pintura;serra;27;389.44461538461536;1.777679456741158;20072.93;2569.66;5890.09;23631.24;2704.52;6641.12
passadico;baixa;15188.34;39;S275JR;jateamento_pintura;serra;27;389.44461538461536;1.777679456741158;20511.83;2491.28;6690.11;22599.12;2592.25;6568.56
cobertura;baixa;8775.14;89;S275JR;jateamento_pintura;laser;28;98.5970786516854;3.190832283017707;15171.7;1569.47;3858.85;16063.3;1702.03;4470.42
cobertura;baixa;8775.14;89;S275JR;jateamento_pintura;laser;28;98.5970786516854;3.190832283017707;13601.0;1816.84;3345.27;15680.38;1935.84;3606.72
cobertura;baixa;8775.14;89;S275JR;jateamento_pintura;laser;28;98.5970786516854;3.190832283017707;14897.3;1866.15;3989.67;17334.62;2031.86;4560.34
mezanino;media;23593.05;163;AISI304;pintura_pu;serra;29;144.7426380368098;1.2291755411021466;129836.94;5701.89;11808.21;137591.03;6031.78;13270.69
mezanino;media;23593.05;163;AISI304;pintura_pu;serra;29;144.7426380368098;1.2291755411021466;125666.65;6694.29;13670.83;137526.18;7172.22;15046.82
mezanino;media;23593.05;163;AISI304;pintura_pu;serra;29;144.7426380368098;1.2291755411021466;138516.96;6669.99;11725.5;140080.81;7454.37;13384.52
plataforma;alta;5347.72;157;S355JR;galvanizacao;laser;30;34.061910828025475;5.6098673827350725;9388.03;2241.09;4772.04;10146.75;2357.01;4699.17
plataforma;alta;5347.72;157;S355JR;galvanizacao;laser;30;34.061910828025475;5.6098673827350725;9838.76;1900.11;4996.18;10851.28;2018.14;5738.9
plataforma;alta;5347.72;157;S355JR;galvanizacao;laser;30;34.061910828025475;5.6098673827350725;9650.2;2005.98;4242.88;9721.68;2179.23;4604.07
escadaria;baixa;30632.09;211;S275JR;jateamento_pintura;serra;31;145.17578199052133;1.0120106071769834;41369.65;5686.77;13993.13;43621.47;6047.83;14839.38
escadaria;baixa;30632.09;211;S275JR;jateamento_pintura;serra;31;145.17578199052133;1.0120106071769834;43031.45;6504.93;13864.86;44320.22;6967.9;15503.84
escadaria;baixa;30632.09;211;S275JR;jateamento_pintura;serra;31;145.17578199052133;1.0120106071769834;43168.76;6228.43;11863.35;48116.38;7156.82;13841.61
pavilhao;media;10408.44;331;AISI304;pintura_pu;laser;32;31.445438066465258;3.0744280603049066;63437.43;3604.6;6208.99;70639.21;3860.17;7149.27
pavilhao;media;10408.44;331;AISI304;pintura_pu;laser;32;31.445438066465258;3.0744280603049066;64050.44;3258.54;5350.11;68531.15;3503.45;6130.0
pavilhao;media;10408.44;331;AISI304;pintura_pu;laser;32;31.445438066465258;3.0744280603049066;59332.25;3637.14;6234.22;65965.22;3929.72;6943.18
passadico;baixa;29237.5;78;S275JR;jateamento_pintura;serra;33;374.8397435897436;1.1286874732791792;42800.64;5141.24;12707.04;46333.05;5064.56;13831.57
passadico;baixa;29237.5;78;S275JR;jateamento_pintura;serra;33;374.8397435897436;1.1286874732791792;38802.84;5546.84;13046.29;44142.74;5530.46;15082.01
passadico;baixa;29237.5;78;S275JR;jateamento_pintura;serra;33;374.8397435897436;1.1286874732791792;39490.61;4676.64;11119.14;41398.57;5258.46;12195.39
cobertura;alta;9260.81;304;S275JR;galvanizacao;laser;34;30.463190789473686;3.671385116420702;14290.58;4103.48;8177.98;15907.5;3882.02;8172.44
cobertura;alta;9260.81;304;S275JR;galvanizacao;laser;34;30.463190789473686;3.671385116420702;14574.4;4196.01;8572.57;15564.24;4414.75;10395.14
cobertura;alta;9260.81;304;S275JR;galvanizacao;laser;34;30.463190789473686;3.671385116420702;14053.88;4285.01;7468.4;15423.75;4617.23;8450.18
mezanino;media;31843.76;181;S355JR;pintura_pu;serra;35;175.93237569060773;1.099116435998764;54025.49;8710.78;17415.53;57705.36;9600.31;21157.53
mezanino;media;31843.76;181;S355JR;pintura_pu;serra;35;175.93237569060773;1.099116435998764;58382.42;8391.14;17224.11;60778.17;8518.45;17297.33
mezanino;media;31843.76;181;S355JR;pintura_pu;serra;35;175.93237569060773;1.099116435998764;59743.71;8606.7;17073.11;63590.54;9123.94;18473.42
plataforma;baixa;28580.49;152;S275JR;jateamento_pintura;laser;36;188.02953947368422;1.2596005176958127;46507.71;5491.53;12000.08;53866.65;5923.32;13679.53
plataforma;baixa;28580.49;152;S275JR;jateamento_pintura;laser;36;188.02953947368422;1.2596005176958127;43749.05;5408.42;13082.78;48019.85;6205.47;14800.41
plataforma;baixa;28580.49;152;S275JR;jateamento_pintura;laser;36;188.02953947368422;1.2596005176958127;43371.03;6271.66;12885.15;44974.13;6641.48;15155.15
escadaria;baixa;9417.95;168;S275JR;jateamento_pintura;serra;37;56.05922619047619;3.928668128414358;12207.87;1612.45;4314.52;13125.09;1733.87;4545.94
escadaria;baixa;9417.95;168;S275JR;jateamento_pintura;serra;37;56.05922619047619;3.928668128414358;12581.36;1875.34;3805.15;13712.42;1988.21;4130.46
escadaria;baixa;9417.95;168;S275JR;jateamento_pintura;serra;37;56.05922619047619;3.928668128414358;12343.15;1830.67;3984.51;13489.21;1991.46;4183.84
pavilhao;alta;3906.07;436;AISI304;galvanizacao;laser;38;8.95887614678899;9.728448286897061;22177.36;1847.83;3640.77;25301.34;1825.93;4240.66
pavilhao;alta;3906.07;436;AISI304;galvanizacao;laser;38;8.95887614678899;9.728448286897061;23903.03;1868.86;3449.08;26426.02;1972.23;3500.13
pavilhao;alta;3906.07;436;AISI304;galvanizacao;laser;38;8.95887614678899;9.728448286897061;23297.47;1752.92;2998.85;23515.85;1922.59;2973.77
passadico;baixa;12616.35;86;S275JR;jateamento_pintura;serra;39;146.7017441860465;3.09122686038355;17512.58;2282.35;5069.99;19850.13;2650.59;5241.93
passadico;baixa;12616.35;86;S275JR;jateamento_pintura;serra;39;146.7017441860465;3.09122686038355;17229.72;2072.86;5782.33;18089.66;2264.23;7353.67
passadico;baixa;12616.35;86;S275JR;jateamento_pintura;serra;39;146.7017441860465;3.09122686038355;18393.29;2081.34;5275.23;20731.22;2240.17;6021.13
cobertura;baixa;20880.11;28;S355JR;jateamento_pintura;laser;40;745.7182142857143;1.9156987199780078;42643.93;4130.17;8103.64;45684.36;4458.87;8324.38
cobertura;baixa;20880.11;28;S355JR;jateamento_pintura;laser;40;745.7182142857143;1.9156987199780078;41240.46;4058.37;9589.58;47034.9;4450.68;9012.66
cobertura;baixa;20880.11;28;S355JR;jateamento_pintura;laser;40;745.7182142857143;1.9156987199780078;43012.34;3926.71;8977.92;45678.01;4365.27;9178.09
mezanino;media;11630.36;308;AISI304;pintura_pu;serra;41;37.76090909090909;3.5252563119284357;62888.93;3279.92;6575.91;65755.38;3556.53;6968.96
mezanino;media;11630.36;308;AISI304;pintura_pu;serra;41;37.76090909090909;3.5252563119284357;64111.21;3615.57;6260.56;65265.6;3763.82;7370.35
mezanino;media;11630.36;308;AISI304;pintura_pu;serra;41;37.76090909090909;3.5252563119284357;64283.59;3421.44;6049.7;68962.81;3518.03;6844.64
plataforma;alta;24231.99;164;S275JR;galvanizacao;laser;42;147.75603658536585;1.7332460107486014;38114.76;8696.79;19241.57;42627.92;9372.95;19157.92
plataforma;alta;24231.99;164;S275JR;galvanizacao;laser;42;147.75603658536585;1.7332460107486014;38516.44;8671.14;21773.76;40832.12;8995.15;25437.29
plataforma;alta;24231.99;164;S275JR;galvanizacao;laser;42;147.75603658536585;1.7332460107486014;37796.43;8703.55;19534.11;39809.45;9490.32;24358.75
escadaria;baixa;30560.86;269;S275JR;jateamento_pintura;serra;43;113.60914498141264;1.4070284671308333;37557.04;6798.58;12562.62;41513.71;7555.01;15141.22
escadaria;baixa;30560.86;269;S275JR;jateamento_pintura;serra;43;113.60914498141264;1.4070284671308333;39029.96;5738.06;13262.17;43327.32;6256.4;12782.92
escadaria;baixa;30560.86;269;S275JR;jateamento_pintura;serra;43;113.60914498141264;1.4070284671308333;43000.24;6619.62;13131.09;44497.35;6898.68;13051.57
pavilhao;media;26928.41;191;AISI304;pintura_pu;laser;44;140.98643979057593;1.6339620497459746;153107.28;8227.57;14573.7;157609.55;9078.51;17978.65
pavilhao;media;26928.41;191;AISI304;pintura_pu;laser;44;140.98643979057593;1.6339620497459746;162015.59;8154.07;16193.72;178046.89;8627.22;18421.78
pavilhao;media;26928.41;191;AISI304;pintura_pu;laser;44;140.98643979057593;1.6339620497459746;148558.94;8219.53;13684.19;168722.01;8982.47;18659.38
passadico;baixa;27143.19;300;S355JR;jateamento_pintura;serra;45;90.4773;1.657874406066494;44144.59;5911.98;12166.45;47364.71;6118.79;14049.18
passadico;baixa;27143.19;300;S355JR;jateamento_pintura;serra;45;90.4773;1.657874406066494;45337.86;5960.64;11979.5;53813.14;6289.76;12933.97
passadico;baixa;27143.19;300;S355JR;jateamento_pintura;serra;45;90.4773;1.657874406066494;42425.03;5967.65;11627.54;45895.74;6137.4;13909.08
cobertura;alta;26722.27;332;S275JR;galvanizacao;laser;46;80.48876506024096;1.7214106436316976;42300.56;12365.86;22113.66;45857.26;12411.22;24626.59
cobertura;alta;26722.27;332;S275JR;galvanizacao;laser;46;80.48876506024096;1.7214106436316976;43545.44;12540.59;24405.63;46743.67;12920.87;25297.23
cobertura;alta;26722.27;332;S275JR;galvanizacao;laser;46;80.48876506024096;1.7214106436316976;41468.47;11374.12;20462.64;41615.17;12972.37;21833.38
mezanino;media;22285.64;160;AISI304;pintura_pu;serra;47;139.28525;2.108981388912322;128707.35;5521.04;13133.71;145524.44;5554.84;15999.4
mezanino;media;22285.64;160;AISI304;pintura_pu;serra;47;139.28525;2.108981388912322;119598.04;6272.82;11118.1;135527.25;7118.04;12313.8
mezanino;media;22285.64;160;AISI304;pintura_pu;serra;47;139.28525;2.108981388912322;122500.93;5999.42;13298.79;142611.63;6112.07;16340.89
plataforma;baixa;1516.96;261;S275JR;jateamento_pintura;laser;48;5.812107279693486;31.642231832085223;2248.86;346.08;670.48;2430.4;401.56;773.58
plataforma;baixa;1516.96;261;S275JR;jateamento_pintura;laser;48;5.812107279693486;31.642231832085223;2385.82;324.53;639.59;2767.06;389.37;656.38
plataforma;baixa;1516.96;261;S275JR;jateamento_pintura;laser;48;5.812107279693486;31.642231832085223;2383.3;339.74;589.4;2557.81;357.58;639.94
escadaria;baixa;21330.1;37;S275JR;jateamento_pintura;serra;49;576.4891891891892;2.297223172887141;28286.4;3368.76;9189.11;32405.35;3778.82;11299.77
escadaria;baixa;21330.1;37;S275JR;jateamento_pintura;serra;49;576.4891891891892;2.297223172887141;29183.49;3459.57;8267.07;32705.28;3763.47;8734.72
escadaria;baixa;21330.1;37;S275JR;jateamento_pintura;serra;49;576.4891891891892;2.297223172887141;28178.56;3845.47;8924.91;32291.17;4282.13;11014.6
pavilhao;alta;17614.22;71;S355JR;galvanizacao;laser;50;248.0876056338028;2.8386156185173115;30560.15;6071.72;15045.44;30491.4;6584.81;15211.2
pavilhao;alta;17614.22;71;S355JR;galvanizacao;laser;50;248.0876056338028;2.8386156185173115;33413.09;7022.67;14152.63;36464.04;7437.88;15941.56
pavilhao;alta;17614.22;71;S355JR;galvanizacao;laser;50;248.0876056338028;2.8386156185173115;32327.68;5922.41;14184.69;35759.75;6303.72;14104.35
passadico;baixa;15255.58;386;S275JR;jateamento_pintura;serra;51;39.52222797927461;3.3430390716052747;19846.49;3111.93;5857.39;21847.37;3422.75;6386.76
passadico;baixa;15255.58;386;S275JR;jateamento_pintura;serra;51;39.52222797927461;3.3430390716052747;20640.83;3526.28;6354.7;23171.46;3893.32;7184.46
passadico;baixa;15255.58;386;S275JR;jateamento_pintura;serra;51;39.52222797927461;3.3430390716052747;20297.77;3659.42;6417.82;21036.2;3997.76;7815.77
cobertura;baixa;18074.2;61;S275JR;jateamento_pintura;laser;52;296.2983606557377;2.877029135452745;28715.73;3516.39;8146.24;30788.8;3711.52;9688.81
cobertura;baixa;18074.2;61;S275JR;jateamento_pintura;laser;52;296.2983606557377;2.877029135452745;27826.78;3561.71;7801.27;28326.42;3780.9;9799.44
cobertura;baixa;18074.2;61;S275JR;jateamento_pintura;laser;52;296.2983606557377;2.877029135452745;28375.81;3331.01;8141.82;31805.97;3705.12;9411.02
mezanino;media;22187.48;431;AISI304;pintura_pu;serra;53;51.47907192575406;2.388734547591705;119088.42;7427.1;12346.02;128317.98;7946.52;12343.4
mezanino;media;22187.48;431;AISI304;pintura_pu;serra;53;51.47907192575406;2.388734547591705;125743.23;7568.2;11435.75;135116.18;7959.39;12565.91
mezanino;media;22187.48;431;AISI304;pintura_pu;serra;53;51.47907192575406;2.388734547591705;119373.98;6429.18;11657.03;131796.76;7748.62;14764.58
plataforma;alta;33114.01;243;S275JR;galvanizacao;laser;54;136.27164609053497;1.630729712287941;51118.95;14038.81;29556.34;56480.4;15177.09;32046.36
plataforma;alta;33114.01;243;S275JR;galvanizacao;laser;54;136.27164609053497;1.630729712287941;47820.98;13252.99;28332.42;51437.95;14437.08;35195.1
plataforma;alta;33114.01;243;S275JR;galvanizacao;laser;54;136.27164609053497;1.630729712287941;48317.0;14782.37;30595.61;52704.01;15003.62;37945.82
escadaria;baixa;31754.14;224;S355JR;jateamento_pintura;serra;55;141.75955357142857;1.7320576151645108;52570.46;6764.91;14272.43;55173.03;7218.86;15218.93
escadaria;baixa;31754.14;224;S355JR;jateamento_pintura;serra;55;141.75955357142857;1.7320576151645108;51968.15;5779.7;13471.41;59824.52;6620.27;14017.96
escadaria;baixa;31754.14;224;S355JR;jateamento_pintura;serra;55;141.75955357142857;1.7320576151645108;49923.58;5917.21;12937.39;50191.55;6044.37;14075.73
pavilhao;media;34706.57;99;AISI304;pintura_pu;laser;56;350.57141414141415;1.6135273523139855;205049.75;10164.47;18105.5;227477.33;10542.05;19373.75
pavilhao;media;34706.57;99;AISI304;pintura_pu;laser;56;350.57141414141415;1.6135273523139855;212698.02;10447.17;17492.37;237713.63;11462.71;20525.1
pavilhao;media;34706.57;99;AISI304;pintura_pu;laser;56;350.57141414141415;1.6135273523139855;203736.43;9517.66;17646.92;208186.69;10545.11;18159.35
passadico;baixa;25315.51;334;S275JR;jateamento_pintura;serra;57;75.79494011976048;2.2515841079243515;35835.67;5703.87;11649.6;39660.15;6122.4;14089.38
passadico;baixa;25315.51;334;S275JR;jateamento_pintura;serra;57;75.79494011976048;2.2515841079243515;34717.16;5371.41;9788.13;37722.05;5573.59;9936.48
passadico;baixa;25315.51;334;S275JR;jateamento_pintura;serra;57;75.79494011976048;2.2515841079243515;34103.14;5833.65;11294.3;36432.88;6195.25;12398.35
cobertura;alta;34354.97;361;S275JR;galvanizacao;laser;58;95.16612188365652;1.6882564589635793;54436.1;14626.39;32070.7;58467.9;15084.59;37792.72
cobertura;alta;34354.97;361;S275JR;galvanizacao;laser;58;95.16612188365652;1.6882564589635793;58065.24;15057.47;30495.11;62671.83;17042.21;35605.49
cobertura;alta;34354.97;361;S275JR;galvanizacao;laser;58;95.16612188365652;1.6882564589635793;54925.58;16104.22;29649.64;59293.88;17125.77;33181.66
mezanino;media;14612.56;390;AISI304;pintura_pu;serra;59;37.468102564102566;4.037622428924158;86053.2;4760.97;8102.03;92019.46;4672.36;9485.54
mezanino;media;14612.56;390;AISI304;pintura_pu;serra;59;37.468102564102566;4.037622428924158;81776.45;4034.1;7854.93;88500.23;4461.42;9042.47
mezanino;media;14612.56;390;AISI304;pintura_pu;serra;59;37.468102564102566;4.037622428924158;78661.52;4072.02;8200.08;91583.88;4384.19;8848.17
plataforma;baixa;15809.16;124;S355JR;jateamento_pintura;laser;60;127.49322580645162;3.7952680597830626;28026.49;3314.64;6149.84;31320.48;3667.27;7276.47
plataforma;baixa;15809.16;124;S355JR;jateamento_pintura;laser;60;127.49322580645162;3.7952680597830626;29897.13;3285.99;6136.14;32965.11;3528.88;6686.95
plataforma;baixa;15809.16;124;S355JR;jateamento_pintura;laser;60;127.49322580645162;3.7952680597830626;31012.52;3457.36;6494.38;31741.92;3695.45;7022.02
escadaria;baixa;33800.71;40;S275JR;jateamento_pintura;serra;61;845.01775;1.8046958185197886;46803.89;5272.77;13120.42;50542.42;5126.41;15992.97
escadaria;baixa;33800.71;40;S275JR;jateamento_pintura;serra;61;845.01775;1.8046958185197886;43062.5;5953.46;12840.07;46070.71;6361.76;13993.31
escadaria;baixa;33800.71;40;S275JR;jateamento_pintura;serra;61;845.01775;1.8046958185197886;44044.73;5689.09;14055.11;45669.78;6146.35;17297.26
pavilhao;alta;29126.44;197;AISI304;galvanizacao;laser;62;147.8499492385787;2.128650119959734;161350.08;12067.28;23264.39;171016.73;14900.17;27389.88
pavilhao;alta;29126.44;197;AISI304;galvanizacao;laser;62;147.8499492385787;2.128650119959734;179359.79;12496.74;25581.33;200137.17;14091.1;28202.35
pavilhao;alta;29126.44;197;AISI304;galvanizacao;laser;62;147.8499492385787;2.128650119959734;166548.4;12747.43;22710.03;182506.72;13057.56;28906.67
passadico;baixa;20943.19;199;S275JR;jateamento_pintura;serra;63;105.2421608040201;3.0081377287796176;27197.67;4329.43;8672.95;27848.93;4628.22;10493.62
passadico;baixa;20943.19;199;S275JR;jateamento_pintura;serra;63;105.2421608040201;3.0081377287796176;29397.91;4418.51;9570.2;31011.83;4904.36;10523.64
passadico;baixa;20943.19;199;S275JR;jateamento_pintura;serra;63;105.2421608040201;3.0081377287796176;30082.34;4359.04;8093.09;33578.37;4752.31;9851.43
cobertura;baixa;25868.46;304;S275JR;jateamento_pintura;laser;64;85.09361842105262;2.474055278126336;44704.57;5526.46;11504.19;45647.48;6044.46;14028.93
cobertura;baixa;25868.46;304;S275JR;jateamento_pintura;laser;64;85.09361842105262;2.474055278126336;41201.86;5697.79;11801.96;47284.48;5823.17;14388.32
cobertura;baixa;25868.46;304;S275JR;jateamento_pintura;laser;64;85.09361842105262;2.474055278126336;44283.22;6211.87;11944.8;49021.71;6808.84;12978.62
mezanino;media;7820.56;263;S355JR;pintura_pu;serra;20;29.73596958174905;2.557361621162679;13388.22;2269.6;4589.82;15074.89;2417.36;5138.51
mezanino;media;7820.56;263;S355JR;pintura_pu;serra;20;29.73596958174905;2.557361621162679;12914.61;2098.9;4313.72;13753.55;2140.44;4646.71
mezanino;media;7820.56;263;S355JR;pintura_pu;serra;20;29.73596958174905;2.557361621162679;12785.03;2008.13;4639.67;13648.65;2040.83;5861.62
plataforma;alta;34312.09;38;S275JR;galvanizacao;laser;21;902.9497368421053;0.6120291710589475;54413.16;12853.99;28978.07;56468.78;13922.62;31464.83
plataforma;alta;34312.09;38;S275JR;galvanizacao;laser;21;902.9497368421053;0.6120291710589475;51300.61;13316.03;30710.96;56764.88;14170.43;38119.18
plataforma;alta;34312.09;38;S275JR;galvanizacao;laser;21;902.9497368421053;0.6120291710589475;51783.5;11568.83;31876.28;54267.01;12945.42;34522.38
escadaria;baixa;9406.38;77;S275JR;jateamento_pintura;serra;22;122.16077922077922;2.3388381077523976;12220.92;1748.96;3868.53;13526.09;1889.82;3938.47
escadaria;baixa;9406.38;77;S275JR;jateamento_pintura;serra;22;122.16077922077922;2.3388381077523976;12944.87;1693.04;3760.26;13228.47;1879.01;4316.89
escadaria;baixa;9406.38;77;S275JR;jateamento_pintura;serra;22;122.16077922077922;2.3388381077523976;12768.44;1660.86;3694.61;14160.72;1762.65;3917.78
pavilhao;media;7183.12;129;AISI304;pintura_pu;laser;23;55.6831007751938;3.2019512412433593;39127.13;1860.91;4136.32;41467.66;1921.39;4414.16
pavilhao;media;7183.12;129;AISI304;pintura_pu;laser;23;55.6831007751938;3.2019512412433593;39414.66;1832.0;3821.22;41675.51;1936.7;4438.28
pavilhao;media;7183.12;129;AISI304;pintura_pu;laser;23;55.6831007751938;3.2019512412433593;44129.97;2169.6;3928.76;44362.1;2301.22;4620.48
passadico;baixa;25192.18;159;S275JR;jateamento_pintura;serra;24;158.44138364779874;0.9526765845591767;37560.83;5119.58;10038.76;41871.47;5106.72;12304.53
passadico;baixa;25192.18;159;S275JR;jateamento_pintura;serra;24;158.44138364779874;0.9526765845591767;36673.43;4863.24;10820.83;41868.87;5255.99;12109.3
passadico;baixa;25192.18;159;S275JR;jateamento_pintura;serra;24;158.44138364779874;0.9526765845591767;32707.92;4889.95;11128.83;33496.54;5423.07;12453.22
cobertura;alta;12274.37;377;S355JR;galvanizacao;laser;25;32.55801061007958;2.036764412348658;23311.89;5774.08;11030.68;25103.75;6093.39;12288.49
cobertura;alta;12274.37;377;S355JR;galvanizacao;laser;25;32.55801061007958;2.036764412348658;23376.0;5246.97;11127.56;24841.78;5249.83;13070.19
cobertura;alta;12274.37;377;S355JR;galvanizacao;laser;25;32.55801061007958;2.036764412348658;22913.13;5393.36;9517.52;24225.12;5298.18;10089.02
mezanino;media;25870.23;329;AISI304;pintura_pu;serra;26;78.6329179331307;1.005016190424283;134043.04;7358.89;15498.85;149004.26;7680.13;16368.49
mezanino;media;25870.23;329;AISI304;pintura_pu;serra;26;78.6329179331307;1.005016190424283;146570.63;7096.5;13933.86;161220.26;7753.61;15576.09
mezanino;media;25870.23;329;AISI304;pintura_pu;serra;26;78.6329179331307;1.005016190424283;151029.31;7904.23;13239.15;161024.99;8295.96;15959.63
plataforma;baixa;31644.53;172;S275JR;jateamento_pintura;laser;27;183.97982558139535;0.8532280302472497;50777.18;7010.09;13653.02;51132.56;7981.1;14330.08
plataforma;baixa;31644.53;172;S275JR;jateamento_pintura;laser;27;183.97982558139535;0.8532280302472497;48182.7;7069.9;12131.57;50294.23;7420.05;12318.02
plataforma;baixa;31644.53;172;S275JR;jateamento_pintura;laser;27;183.97982558139535;0.8532280302472497;47585.15;6911.4;13897.52;51619.41;7885.57;14463.32
escadaria;baixa;1471.15;379;S275JR;jateamento_pintura;serra;28;3.8816622691292877;19.03272949733202;1931.95;300.0;580.4;2023.34;308.7;624.96
escadaria;baixa;1471.15;379;S275JR;jateamento_pintura;serra;28;3.8816622691292877;19.03272949733202;2056.41;320.5;617.06;2390.01;330.32;717.39
escadaria;baixa;1471.15;379;S275JR;jateamento_pintura;serra;28;3.8816622691292877;19.03272949733202;2005.99;310.11;617.39;2056.11;339.17;588.33
pavilhao;alta;33960.62;412;AISI304;galvanizacao;laser;29;82.42868932038834;0.8539302286000667;208892.91;14991.64;29681.63;230450.05;15974.54;31198.9
pavilhao;alta;33960.62;412;AISI304;galvanizacao;laser;29;82.42868932038834;0.8539302286000667;188873.19;15620.25;27871.59;202130.73;18041.95;30816.08
pavilhao;alta;33960.62;412;AISI304;galvanizacao;laser;29;82.42868932038834;0.8539302286000667;187571.03;14628.88;26922.17;198436.82;16407.67;28283.55
passadico;baixa;7723.35;286;S355JR;jateamento_pintura;serra;30;27.00472027972028;3.8843248072403815;12319.36;1498.23;3467.48;13488.79;1649.02;4179.74
passadico;baixa;7723.35;286;S355JR;jateamento_pintura;serra;30;27.00472027972028;3.8843248072403815;13579.98;1480.4;3418.1;14822.1;1465.2;3921.17
passadico;baixa;7723.35;286;S355JR;jateamento_pintura;serra;30;27.00472027972028;3.8843248072403815;12900.18;1517.23;3281.01;14207.71;1725.26;3849.05
cobertura;baixa;10528.32;358;S275JR;jateamento_pintura;laser;31;29.40871508379888;2.9444393787422873;18225.32;2498.88;4575.55;19084.94;2662.75;4799.4
cobertura;baixa;10528.32;358;S275JR;jateamento_pintura;laser;31;29.40871508379888;2.9444393787422873;17353.86;2343.96;4275.7;17818.27;2330.57;5329.42
cobertura;baixa;10528.32;358;S275JR;jateamento_pintura;laser;31;29.40871508379888;2.9444393787422873;16327.72;2234.75;4244.5;17509.3;2578.69;4209.08
mezanino;media;28533.3;46;AISI304;pintura_pu;serra;32;620.2891304347826;1.1214966372624267;157761.15;6390.43;14303.41;162003.73;6524.08;16641.72
mezanino;media;28533.3;46;AISI304;pintura_pu;serra;32;620.2891304347826;1.1214966372624267;152345.55;7422.48;15566.17;165861.39;8502.84;17685.43
mezanino;media;28533.3;46;AISI304;pintura_pu;serra;32;620.2891304347826;1.1214966372624267;166883.01;7152.5;15105.51;188727.11;7309.18;19017.86
plataforma;alta;4143.56;358;S275JR;galvanizacao;laser;33;11.574189944134078;7.964166079409976;6743.9;1860.53;3642.32;7222.59;1975.31;3671.01
plataforma;alta;4143.56;358;S275JR;galvanizacao;laser;33;11.574189944134078;7.964166079409976;6105.29;1804.53;3693.17;6613.32;1860.52;4389.58
plataforma;alta;4143.56;358;S275JR;galvanizacao;laser;33;11.574189944134078;7.964166079409976;6836.51;1682.52;3521.23;7172.99;1953.1;4410.93
escadaria;baixa;4146.19;154;S275JR;jateamento_pintura;serra;34;26.92331168831169;8.200299552118933;5538.08;718.17;1792.95;6243.35;756.21;1749.12
escadaria;baixa;4146.19;154;S275JR;jateamento_pintura;serra;34;26.92331168831169;8.200299552118933;5568.44;806.43;1577.43;6298.85;864.06;1839.54
escadaria;baixa;4146.19;154;S275JR;jateamento_pintura;serra;34;26.92331168831169;8.200299552118933;5389.1;833.22;1886.9;5712.11;841.88;2142.4
pavilhao;media;24941.09;75;S355JR;pintura_pu;laser;35;332.54786666666666;1.4033067520304845;48870.37;6796.32;14083.74;52157.84;7258.8;15070.35
pavilhao;media;24941.09;75;S355JR;pintura_pu;laser;35;332.54786666666666;1.4033067520304845;48045.93;7395.64;14133.17;52642.69;7982.28;17286.01
pavilhao;media;24941.09;75;S355JR;pintura_pu;laser;35;332.54786666666666;1.4033067520304845;43084.64;6387.27;12703.48;46279.95;6940.32;14652.27
passadico;baixa;2550.51;56;S275JR;jateamento_pintura;serra;36;45.54482142857143;14.114824094004728;3631.91;422.14;1092.9;3989.86;472.08;1218.51
passadico;baixa;2550.51;56;S275JR;jateamento_pintura;serra;36;45.54482142857143;14.114824094004728;3367.15;414.1;1169.41;3744.82;458.56;1283.23
passadico;baixa;2550.51;56;S275JR;jateamento_pintura;serra;36;45.54482142857143;14.114824094004728;3469.88;455.15;984.82;3659.67;503.02;1216.44
cobertura;alta;4934.7;67;S275JR;galvanizacao;laser;37;73.65223880597014;7.497922872717693;8341.16;1906.31;4040.64;9398.06;2112.01;4153.96
cobertura;alta;4934.7;67;S275JR;galvanizacao;laser;37;73.65223880597014;7.497922872717693;8338.85;1991.54;4040.15;8741.49;2076.8;4504.55
cobertura;alta;4934.7;67;S275JR;galvanizacao;laser;37;73.65223880597014;7.497922872717693;8136.59;1766.14;4486.64;9190.06;1742.92;4871.48
mezanino;media;8127.36;148;AISI304;pintura_pu;serra;38;54.9145945945946;4.675565005118513;43008.12;2127.51;4189.41;48172.65;2260.38;4349.59
mezanino;media;8127.36;148;AISI304;pintura_pu;serra;38;54.9145945945946;4.675565005118513;43151.4;2050.93;4591.28;47199.47;2165.74;4753.64
mezanino;media;8127.36;148;AISI304;pintura_pu;serra;38;54.9145945945946;4.675565005118513;47018.9;2311.39;4672.86;52346.1;2412.96;5037.83
plataforma;baixa;25698.05;407;S275JR;jateamento_pintura;laser;39;63.14017199017199;1.5176248781522332;39446.49;6389.54;10961.69;37830.27;6506.82;11498.44
plataforma;baixa;25698.05;407;S275JR;jateamento_pintura;laser;39;63.14017199017199;1.5176248781522332;38072.8;6218.88;11034.51;41709.35;7136.85;14642.28
plataforma;baixa;25698.05;407;S275JR;jateamento_pintura;laser;39;63.14017199017199;1.5176248781522332;40566.89;5953.45;11440.55;44530.79;6794.81;13190.32
escadaria;baixa;11575.44;326;S355JR;jateamento_pintura;serra;40;35.50748466257669;3.4555921848327147;17927.18;2563.63;4937.43;19236.01;2729.92;6000.43
escadaria;baixa;11575.44;326;S355JR;jateamento_pintura;serra;40;35.50748466257669;3.4555921848327147;17942.35;2264.05;4617.05;19875.95;2247.35;4665.8
escadaria;baixa;11575.44;326;S355JR;jateamento_pintura;serra;40;35.50748466257669;3.4555921848327147;18277.54;2526.21;4769.49;18699.27;2659.09;5452.72
pavilhao;alta;7310.78;254;AISI304;galvanizacao;laser;41;28.782598425196852;5.608156721991361;39585.84;3227.86;5866.96;42322.26;3505.59;7012.77
pavilhao;alta;7310.78;254;AISI304;galvanizacao;laser;41;28.782598425196852;5.608156721991361;44900.13;3153.17;6283.58;47222.14;3240.95;6977.93
pavilhao;alta;7310.78;254;AISI304;galvanizacao;laser;41;28.782598425196852;5.608156721991361;44809.63;2824.76;5937.46;48500.34;2822.38;6919.62
passadico;baixa;7013.69;33;S275JR;jateamento_pintura;serra;42;212.5360606060606;5.988288618402011;10139.37;1119.4;2652.48;11528.45;1289.1;2918.24
passadico;baixa;7013.69;33;S275JR;jateamento_pintura;serra;42;212.5360606060606;5.988288618402011;9230.57;1089.96;3216.41;8954.08;1089.88;3427.56
passadico;baixa;7013.69;33;S275JR;jateamento_pintura;serra;42;212.5360606060606;5.988288618402011;9202.51;1230.22;2968.65;10017.26;1334.25;3345.83
cobertura;baixa;6816.8;333;S275JR;jateamento_pintura;laser;43;20.470870870870872;6.307945076868912;10864.29;1526.92;3112.0;12449.97;1735.38;4061.44
cobertura;baixa;6816.8;333;S275JR;jateamento_pintura;laser;43;20.470870870870872;6.307945076868912;11668.49;1738.73;3057.73;12702.23;1761.06;3362.7
cobertura;baixa;6816.8;333;S275JR;jateamento_pintura;laser;43;20.470870870870872;6.307945076868912;10385.28;1630.44;2675.24;10866.37;1877.87;3259.84
mezanino;media;1029.03;375;AISI304;pintura_pu;serra;44;2.74408;42.75871451755537;5812.92;302.11;589.04;6451.71;314.11;590.02
mezanino;media;1029.03;375;AISI304;pintura_pu;serra;44;2.74408;42.75871451755537;5538.51;311.69;540.74;5882.75;365.62;603.21
mezanino;media;1029.03;375;AISI304;pintura_pu;serra;44;2.74408;42.75871451755537;5366.46;325.12;572.64;6053.97;351.81;629.48
plataforma;alta;23285.35;110;S355JR;galvanizacao;laser;45;211.685;1.9325455704981889;42903.36;8943.7;19321.14;49328.88;10509.08;23852.87
plataforma;alta;23285.35;110;S355JR;galvanizacao;laser;45;211.685;1.9325455704981889;43694.09;8145.31;20674.42;49508.51;8792.25;20924.27
plataforma;alta;23285.35;110;S355JR;galvanizacao;laser;45;211.685;1.9325455704981889;42156.46;8196.25;19358.73;45680.71;8353.21;23232.82
escadaria;baixa;7769.57;32;S275JR;jateamento_pintura;serra;46;242.7990625;5.920533568781798;10079.08;1397.14;3479.38;10243.12;1356.56;3346.15
escadaria;baixa;7769.57;32;S275JR;jateamento_pintura;serra;46;242.7990625;5.920533568781798;10282.22;1217.69;3115.74;11405.0;1400.69;3518.38
escadaria;baixa;7769.57;32;S275JR;jateamento_pintura;serra;46;242.7990625;5.920533568781798;10932.9;1385.72;3048.14;11026.1;1444.85;4124.62
pavilhao;media;27367.44;254;AISI304;pintura_pu;laser;47;107.74582677165354;1.71736925339016;163782.94;8774.42;14138.48;179020.23;8998.59;17366.92
pavilhao;media;27367.44;254;AISI304;pintura_pu;laser;47;107.74582677165354;1.71736925339016;159518.07;7740.64;16480.81;179557.43;8147.25;19227.09
pavilhao;media;27367.44;254;AISI304;pintura_pu;laser;47;107.74582677165354;1.71736925339016;159678.7;8507.54;14970.88;174773.63;9421.47;14734.32
passadico;baixa;29074.55;395;S275JR;jateamento_pintura;serra;48;73.60645569620253;1.6509283892613986;42279.37;6149.37;12484.4;43859.77;6602.43;13056.79
passadico;baixa;29074.55;395;S275JR;jateamento_pintura;serra;48;73.60645569620253;1.6509283892613986;42877.15;6575.37;10994.65;46225.82;7521.88;15025.17
passadico;baixa;29074.55;395;S275JR;jateamento_pintura;serra;48;73.60645569620253;1.6509283892613986;43087.06;6684.43;12460.28;43199.6;6908.11;16336.07
cobertura;alta;948.4;345;S275JR;galvanizacao;laser;49;2.7489855072463767;51.66596372838465;1619.38;388.01;768.46;1816.92;427.12;885.23
cobertura;alta;948.4;345;S275JR;galvanizacao;laser;49;2.7489855072463767;51.66596372838465;1538.72;407.89;834.05;1750.61;425.56;810.64
cobertura;alta;948.4;345;S275JR;galvanizacao;laser;49;2.7489855072463767;51.66596372838465;1568.26;444.08;868.16;1641.91;467.2;888.31
mezanino;media;7786.33;70;S355JR;pintura_pu;serra;50;111.23328571428571;6.4215105190763815;13128.71;1848.34;4103.28;14462.3;1958.66;4191.81
mezanino;media;7786.33;70;S355JR;pintura_pu;serra;50;111.23328571428571;6.4215105190763815;14291.46;1745.36;4072.55;15470.58;1821.76;4692.65
mezanino;media;7786.33;70;S355JR;pintura_pu;serra;50;111.23328571428571;6.4215105190763815;12983.99;1753.06;4349.04;14159.84;1936.38;4415.02
plataforma;baixa;31671.64;348;S275JR;jateamento_pintura;laser;51;91.01045977011495;1.6102734181115976;48930.25;8107.84;14087.59;54802.67;8731.58;13646.07
plataforma;baixa;31671.64;348;S275JR;jateamento_pintura;laser;51;91.01045977011495;1.6102734181115976;51338.2;7450.66;12982.27;56852.62;7381.16;13585.05
plataforma;baixa;31671.64;348;S275JR;jateamento_pintura;laser;51;91.01045977011495;1.6102734181115976;48249.84;8031.29;12842.84;53405.61;8160.88;13624.24
escadaria;baixa;6906.54;190;S275JR;jateamento_pintura;serra;52;36.35021052631579;7.52909561082684;9214.39;1203.47;3162.57;10680.97;1276.82;3578.79
escadaria;baixa;6906.54;190;S275JR;jateamento_pintura;serra;52;36.35021052631579;7.52909561082684;8680.05;1284.88;2953.94;9700.56;1420.66;3045.79
escadaria;baixa;6906.54;190;S275JR;jateamento_pintura;serra;52;36.35021052631579;7.52909561082684;8748.36;1341.46;3106.82;9605.7;1402.44;3147.96
pavilhao;alta;24000.3;128;AISI304;galvanizacao;laser;53;187.50234375;2.2083057295117143;130305.38;10086.41;20184.38;142224.9;10003.3;23401.76
pavilhao;alta;24000.3;128;AISI304;galvanizacao;laser;53;187.50234375;2.2083057295117143;138384.99;9897.68;20140.13;144373.94;9921.05;22472.34
pavilhao;alta;24000.3;128;AISI304;galvanizacao;laser;53;187.50234375;2.2083057295117143;145679.63;8839.02;20642.6;158682.81;9421.81;20984.98
passadico;baixa;33869.53;373;S275JR;jateamento_pintura;serra;54;90.80302949061662;1.5943533907910739;44429.41;6773.23;13278.17;46473.32;6956.75;15471.58
passadico;baixa;33869.53;373;S275JR;jateamento_pintura;serra;54;90.80302949061662;1.5943533907910739;43982.22;7791.12;14822.43;46785.2;8188.16;15560.33
passadico;baixa;33869.53;373;S275JR;jateamento_pintura;serra;54;90.80302949061662;1.5943533907910739;47185.14;6909.87;14051.56;55320.44;6906.54;11792.79
cobertura;baixa;6251.01;322;S355JR;jateamento_pintura;laser;55;19.413074534161492;8.798578149770997;12043.38;1349.94;2843.58;13544.49;1495.53;3534.99
cobertura;baixa;6251.01;322;S355JR;jateamento_pintura;laser;55;19.413074534161492;8.798578149770997;11583.46;1518.2;2716.89;13446.78;1667.89;2725.9
cobertura;baixa;6251.01;322;S355JR;jateamento_pintura;laser;55;19.413074534161492;8.798578149770997;11807.12;1533.73;2582.52;12755.0;1627.07;2856.21
